date,opponent,score,score_tot,score_op,win
2021-07-28T00:00:00Z,Milton Keynes Dons,3:1,3,1,1
2021-08-04T00:00:00Z,Chelsea FC,2:2,2,2,0.5
2021-08-08T00:00:00Z,Arsenal FC,1:0,1,0,1
2021-09-16T00:00:00Z,Stade Rennes,2:2,2,2,0.5
2021-09-30T00:00:00Z,NŠ Mura,5:1,5,1,1
2021-10-21T00:00:00Z,Vitesse,0:1,0,1,0
2021-11-04T00:00:00Z,Vitesse,3:2,3,2,1
2021-11-25T00:00:00Z,NŠ Mura,1:2,1,2,0
2021-12-09T00:00:00Z,Stade Rennes,0:3,0,3,0
2021-08-19T00:00:00Z,Paços de Ferreira,0:1,0,1,0
2021-08-26T00:00:00Z,Paços de Ferreira,3:0,3,0,1
2021-08-15T00:00:00Z,Manchester City,1:0,1,0,1
2021-08-22T00:00:00Z,Wolverhampton Wanderers,1:0,1,0,1
2021-08-29T00:00:00Z,Watford FC,1:0,1,0,1
2021-09-11T00:00:00Z,Crystal Palace,0:3,0,3,0
2021-09-19T00:00:00Z,Chelsea FC,0:3,0,3,0
2021-09-26T00:00:00Z,Arsenal FC,1:3,1,3,0
2021-10-03T00:00:00Z,Aston Villa,2:1,2,1,1
2021-10-17T00:00:00Z,Newcastle United,3:2,3,2,1
2021-10-24T00:00:00Z,West Ham United,0:1,0,1,0
2021-10-30T00:00:00Z,Manchester United,0:3,0,3,0
2021-11-07T00:00:00Z,Everton FC,0:0,0,0,0.5
2021-11-21T00:00:00Z,Leeds United,2:1,2,1,1
2021-12-02T00:00:00Z,Brentford FC,2:0,2,0,1
2021-12-05T00:00:00Z,Norwich City,3:0,3,0,1
2021-12-19T00:00:00Z,Liverpool FC,2:2,2,2,0.5
2021-12-26T00:00:00Z,Crystal Palace,3:0,3,0,1
2021-12-28T00:00:00Z,Southampton FC,1:1,1,1,0.5
2022-01-01T00:00:00Z,Watford FC,1:0,1,0,1
2022-01-19T00:00:00Z,Leicester City,3:2,3,2,1
2022-01-23T00:00:00Z,Chelsea FC,0:2,0,2,0
2022-02-09T00:00:00Z,Southampton FC,2:3,2,3,0
2022-02-13T00:00:00Z,Wolverhampton Wanderers,0:2,0,2,0
2022-02-19T00:00:00Z,Manchester City,3:2,3,2,1
2022-02-23T00:00:00Z,Burnley FC,0:1,0,1,0
2022-02-26T00:00:00Z,Leeds United,4:0,4,0,1
2022-03-07T00:00:00Z,Everton FC,5:0,5,0,1
2022-03-12T00:00:00Z,Manchester United,2:3,2,3,0
2022-03-16T00:00:00Z,Brighton & Hove Albion,2:0,2,0,1
2022-03-20T00:00:00Z,West Ham United,3:1,3,1,1
2022-04-03T00:00:00Z,Newcastle United,5:1,5,1,1
2022-04-09T00:00:00Z,Aston Villa,4:0,4,0,1
2022-04-16T00:00:00Z,Brighton & Hove Albion,0:1,0,1,0
2022-04-23T00:00:00Z,Brentford FC,0:0,0,0,0.5
2022-05-01T00:00:00Z,Leicester City,3:1,3,1,1
2022-05-07T00:00:00Z,Liverpool FC,1:1,1,1,0.5
2022-05-12T00:00:00Z,Arsenal FC,3:0,3,0,1
2022-05-15T00:00:00Z,Burnley FC,1:0,1,0,1
2022-05-22T00:00:00Z,Norwich City,5:0,5,0,1
2022-01-09T00:00:00Z,Morecambe FC,3:1,3,1,1
2022-02-05T00:00:00Z,Brighton & Hove Albion,3:1,3,1,1
2022-03-01T00:00:00Z,Middlesbrough FC,0:1,0,1,0
2021-09-22T00:00:00Z,Wolverhampton Wanderers,3:2,3,2,1
2021-10-27T00:00:00Z,Burnley FC,1:0,1,0,1
2021-12-22T00:00:00Z,West Ham United,2:1,2,1,1
2022-01-05T00:00:00Z,Chelsea FC,0:2,0,2,0
2022-01-12T00:00:00Z,Chelsea FC,0:1,0,1,0
